netlogoID,primary_key,ancient_toponym,province,barrington_atlas_reference,barrington_atlas_rank,lon,lat,max_area,max_population,traders
146,963,Baccanae,Italia (VII Etruria),42 C4,4 or 5,12.367302,42.119115,1,42,1
335,886,Fagifulae,Italia (IV Samnium),44 G2,3,14.667625,41.657876,1,42,1
553,1211,Novae (Moesia Inferior),Moesia Inferior,22 C5,3,25.394018,43.607221,1,42,1
155,584,Beda,Gallia Belgica,11 G3,4 or 5,6.523514,49.974382,2,106,1
200,1108,Candyba,Lycia et Pamphylia,65 C5,4 or 5,29.666491,36.308363,2,106,1
237,764,Circeii (1),Italia (I Latium and Campania),44 D3,3,13.096265,41.235628,2,106,1
357,887,Forum Novum,Italia (IV Samnium),42 D4,4 or 5,12.63908,42.35459,2,106,1
470,713,Lucentum,Hispania Tarraconensis,27 E3,3,-0.484794,38.346018,2,106,1
511,937,Mevaniola,Italia (VI Umbria and Ager Gallicus),42 B1,3,11.903398,43.983123,2,106,1
521,1252,Musti,Numidia,32 D4,3,9.143018,36.336294,2,106,1
817,1215,Troesmis,Moesia Inferior,22 F3,3,28.193536,45.140203,2,106,1
833,1095,Unknown (4),Lusitania,26 B3,4 or 5,-8.903604,38.488819,2,106,1
11,245,Adramyttium,Asia,56 D2,3,26.947793,39.500301,3,182,1
544,1281,Neviodunum,Pannonia Superior,20 C4,3,15.499078,45.920942,3,182,1
20,682,Aeso,Hispania Tarraconensis,25 G3,4 or 5,1.044057,42.117837,4,267,1
61,877,Antinum,Italia (IV Samnium),44 D2,3,13.471758,41.885604,4,267,1
836,957,Urvinum Hortense,Italia (VI Umbria and Ager Gallicus),42 D3,3,12.522032,42.985186,4,267,1
861,813,Verulae,Italia (I Latium and Campania),44 D2,3,13.41736,41.690616,4,267,1
96,509,Argyruntum,Dalmatia,20 C5,4 or 5,15.43752,44.295861,4,276,1
719,1139,Simena,Lycia et Pamphylia,65 C5,4 or 5,29.86135,36.190221,4,281,1
667,994,Saena,Italia (VII Etruria),42 A2,3,11.330514,43.318661,4,285,1
81,683,Aquae Flaviae,Hispania Tarraconensis,24 D3,3,-7.468374,41.739035,5,359,1
281,1114,Cyaneae,Lycia et Pamphylia,65 C5,3,29.822492,36.244673,5,359,1
358,1018,Forum Popili (Italia (VIII Aemilia)),Italia (VIII Aemilia),40 C4,4 or 5,12.126752,44.18877,5,359,1
370,703,Gerunda,Hispania Tarraconensis,25 H4,4 or 5,2.826608,41.987346,5,359,1
577,70,Oricus,Achaea,49 B3,4 or 5,19.451817,40.323257,5,359,1
605,403,Petuaria,Britannia,8 G1,4 or 5,-0.572933,53.731969,5,359,1
646,991,Pyrgi,Italia (VII Etruria),44 A1,3,11.963414,42.015225,5,359,1
655,1223,Remesiana,Moesia Superior,21 E6,3,22.293498,43.214499,5,359,1
662,653,Ruscino,Gallia Narbonensis,25 H3,3,2.913713,42.708051,5,359,1
711,1388,Seuthopolis,Thracia,22 C6,4 or 5,25.274047,42.628866,5,359,1
809,733,Toletum,Hispania Tarraconensis,27 A2,3,-4.024491,39.85668,5,359,1
865,959,Vettona,Italia (VI Umbria and Ager Gallicus),42 C2,3,12.484618,43.012888,5,359,1
376,1271,Gorsium,Pannonia Inferior,20 F2,3,18.419781,47.09017,5,362,1
246,883,Cluviae,Italia (IV Samnium),42 G4,3,14.260862,42.136297,5,367,1
829,1265,Uchi Maius,Numidia,32 D4,3,9.085256,36.412338,5,372,1
513,1119,Milyas,Lycia et Pamphylia,65 C4,4 or 5,29.75,36.750001,5,381,1
351,977,Forum Cassii,Italia (VII Etruria),42 C4,4 or 5,12.077133,42.331568,5,398,1
67,1097,Antiphellus,Lycia et Pamphylia,65 C5,4 or 5,29.634935,36.199973,6,458,1
100,750,Arpinum,Italia (I Latium and Campania),44 E2,3,13.60987,41.648444,6,458,1
202,966,Capena,Italia (VII Etruria),42 D4,3,12.541739,42.142672,6,458,1
207,640,Carcaso,Gallia Narbonensis,25 H2,4 or 5,2.352028,43.212968,6,458,1
227,695,Celsa,Hispania Tarraconensis,25 E4,3,-0.437853,41.374996,6,458,1
279,885,Cures,Italia (IV Samnium),42 D4,3,12.684231,42.178026,6,458,1
315,1083,Egitania,Lusitania,26 C2,3,-7.144524,39.997054,6,458,1
321,34,Eleusis,Achaea,59 B2,3,23.542112,38.04325,6,458,1
345,1015,Fidentia,Italia (VIII Aemilia),39 G4,3,10.066667,44.866667,6,458,1
375,39,Gonnus,Achaea,55 C1,3,22.476241,39.860939,6,458,1
417,889,Hortona,Italia (IV Samnium),42 G4,3,14.403382,42.3549,6,458,1
418,46,Hyampolis,Achaea,55 D3,4 or 5,22.918763,38.594681,6,458,1
519,352,Munigua,Baetica,26 E4,3,-5.740734,37.713343,6,458,1
556,674,Noviodunum (Germania Superior),Germania Superior,18 D3,4 or 5,6.238391,46.380833,6,458,1
585,720,Palma,Hispania Tarraconensis,27 inset,3,2.649713,39.56882,6,458,1
821,367,Tucci,Baetica,27 B4,3,-3.966243,37.722761,6,458,1
176,16,Buthrotum,Achaea,54 B2,4 or 5,20.020617,39.745701,6,474,1
108,511,Asseria,Dalmatia,20 C5,4 or 5,15.680565,44.017634,6,481,1
69,878,Anxanum,Italia (IV Samnium),42 G4,3,14.388696,42.229729,6,482,1
879,871,Volcei,Italia (III Lucania et Brutii),45 B3,4 or 5,15.374758,40.632707,6,500,1
103,1101,Arycanda,Lycia et Pamphylia,65 D4,3,30.048508,36.513408,7,563,1
163,964,Blera,Italia (VII Etruria),42 C4,3,12.0325,42.273333,7,563,1
187,585,Caesaromagus (Gallia Belgica),Gallia Belgica,11 C3,4 or 5,2.08241,49.430233,7,563,1
472,350,Lucurgentum,Baetica,26 E4,3,-5.451969,37.122328,7,563,1
701,224,Segusio,Alpes Cottiae,17 I3,4 or 5,7.048414,45.138485,7,563,1
847,557,Varvaria,Dalmatia,20 C6,4 or 5,14.767074,45.163845,7,563,1
398,1155,Heraclea (Macedonia),Macedonia,49 D2,3,21.342,41.011,7,578,1
427,340,Ilipa,Baetica,26 E4,4 or 5,-5.978254,37.518215,7,592,1
77,631,Apta,Gallia Narbonensis,15 E2,4 or 5,5.397449,43.876504,7,597,1
705,948,Sena Gallica,Italia (VI Umbria and Ager Gallicus),42 E1,3,13.218024,43.715014,7,598,1
29,1027,Albingaunum,Italia (IX Liguria),16 F1,3,8.212805,44.048935,8,673,1
76,1352,Apollonia (Syria Palestina),Syria Palestina,69 A5,3,34.8068,32.1952,8,673,1
283,271,Cyme,Asia,56 D4,3,26.936283,38.75953,8,673,1
303,1356,Dora,Syria Palestina,69 A4,3,34.922192,32.616786,8,673,1
416,981,Horta,Italia (VII Etruria),42 C4,3,12.386423,42.460326,8,673,1
487,1055,Mantua,Italia (X Venetia et Histria),39 H3,4 or 5,10.794299,45.159243,8,673,1
509,297,Metropolis,Asia,62 E3,3,30.628155,39.171334,8,673,1
543,1056,Nesactium,Italia (X Venetia et Histria),20 A5,4 or 5,13.969722,44.916667,8,673,1
608,1130,Phellus,Lycia et Pamphylia,65 C5,4 or 5,29.666308,36.24085,8,673,1
640,863,Potentia (Italia (III Lucania et Brutii)),Italia (III Lucania et Brutii),45 C3,3,15.804008,40.637974,8,673,1
652,896,Reate,Italia (IV Samnium),42 D4,2,12.861179,42.403056,8,673,1
778,98,Teuthrone,Achaea,58 C4,4 or 5,22.489063,36.621145,8,673,1
790,1260,Thibilis,Numidia,31 G4,3,7.250033,36.382567,8,673,1
825,1001,Tuscana,Italia (VII Etruria),42 B4,3,11.872307,42.417272,8,719,1
776,1236,Teurnia,Noricum,19 F3,3,13.443747,46.823308,8,724,1
493,935,Matilica,Italia (VI Umbria and Ager Gallicus),42 E2,3,13.008723,43.255867,8,729,1
66,1351,Antipatris,Syria Palestina,70 F1,3,34.930447,32.104897,9,788,1
194,1205,Callatis,Moesia Inferior,22 F5,3,28.577202,43.814861,9,788,1
280,1291,Curia,Raetia,19 B3,4 or 5,9.530735,46.849437,9,788,1
426,708,Ilici,Hispania Tarraconensis,27 E3,3,-0.6953,38.2396,9,788,1
460,397,Lindinis,Britannia,8 E4,4 or 5,-2.687138,51.003593,9,788,1
578,356,Orippo,Baetica,26 E4,4 or 5,-5.922275,37.283163,9,788,1
588,1058,Parentium,Italia (X Venetia et Histria),20 A4,3,13.597752,45.226697,9,788,1
625,988,Pistorium,Italia (VII Etruria),41 D2,2,10.916667,43.933333,9,788,1
760,555,Tarsatica,Dalmatia,20 B4,3,14.441089,45.3272,9,788,1
801,501,Tibiscum,Dacia,21 E4,3,22.167187,45.451158,9,788,1
411,238,Hippus,Arabia,69 C4,3,35.65987,32.778764,9,800,1
7,1041,Acelum,Italia (X Venetia et Histria),40 B1,4 or 5,11.913251,45.801703,10,907,1
19,922,Aesis,Italia (VI Umbria and Ager Gallicus),42 E1,3,13.24375,43.522387,10,907,1
177,851,Buxentum,Italia (III Lucania et Brutii),46 C1,4 or 5,15.511196,40.07015,10,907,1
217,760,Casinum,Italia (I Latium and Campania),44 E3,2,13.822167,41.48279,10,907,1
236,927,Cingulum,Italia (VI Umbria and Ager Gallicus),42 E2,3,13.203437,43.37422,10,907,1
255,609,Condate Redonum,Gallia Lugdunensis,7 E3,4 or 5,-1.679444,48.114722,10,907,1
274,767,Cubulteria,Italia (I Latium and Campania),44 F3,3,14.33333,41.25,10,907,1
276,643,Cularo,Gallia Narbonensis,17 F3,4 or 5,5.726945,45.187778,10,907,1
294,612,Dibio,Gallia Lugdunensis,18 C2,4 or 5,5.0428,47.2906,10,907,1
308,391,Durobrivae (Britannia) (2),Britannia,8 H3,4 or 5,0.503732,51.38979,10,907,1
342,770,Ferentinum,Italia (I Latium and Campania),44 D2,3,13.253358,41.692712,10,907,1
393,1305,Helorus,Silicia,47 G5,4 or 5,15.109444,36.842222,10,907,1
429,343,Iluro,Baetica,26 F5,3,-4.706673,36.822609,10,907,1
436,1177,Iomnium,Mauretania Caesariensis,30 H3,3,4.125565,36.891971,10,907,1
442,711,Labitolosa,Hispania Tarraconensis,25 F3,4 or 5,0.287408,42.14469,10,907,1
449,1070,Laumellum,Italia (XI Transpadana),39 D3,4 or 5,8.79735,45.122042,10,907,1
482,1360,Lydda,Syria Palestina,70 F2,2,34.892378,31.958254,10,907,1
599,1363,Pella (Syria Palestina),Syria Palestina,69 C5,3,35.615459,32.450116,10,907,1
643,793,Privernum,Italia (I Latium and Campania),44 D3,3,13.180367,41.472643,10,907,1
669,724,Saetabis,Hispania Tarraconensis,27 E2,3,-0.515639,38.988847,10,907,1
672,1092,Salacia,Lusitania,26 B3,3,-8.519503,38.371152,10,907,1
687,947,Sarsina,Italia (VI Umbria and Ager Gallicus),42 C1,3,12.143099,43.918666,10,907,1
712,364,Siarum,Baetica,26 E4,3,-5.751603,37.052397,10,907,1
737,996,Statonia,Italia (VII Etruria),42 C3,3,12.279127,42.520675,10,907,1
751,998,Sutrium,Italia (VII Etruria),42 C4,3,12.224259,42.241269,10,907,1
753,954,Tadinae,Italia (VI Umbria and Ager Gallicus),42 D2,3,12.786046,43.230265,10,907,1
761,595,Tarvenna,Gallia Belgica,11 C2,4 or 5,2.258715,50.637943,10,907,1
819,1216,Tropaeum Traiani,Moesia Inferior,22 E4,3,27.944345,44.09218,10,907,1
826,809,Tusculum,Italia (I Latium and Campania),43 C2,3,12.70869,41.798377,10,907,1
844,737,Valentia (Hispania Tarraconensis) (2),Hispania Tarraconensis,27 E2,3,-0.376814,39.470371,10,907,1
850,1025,Veleia,Italia (VIII Aemilia),39 F4,4 or 5,9.722352,44.784813,10,907,1
868,847,Vibinum,Italia (II Apulia et Calabria),45 B2,4 or 5,15.957096,41.706464,10,907,1
258,852,Consentia,Italia (III Lucania et Brutii),46 D3,4 or 5,16.250026,39.29985,10,931,1
97,1100,Ariassus,Lycia et Pamphylia,65 D3,3,30.470806,37.179694,11,1030,1
147,329,Baelo,Baetica,26 E5,3,-5.774611,36.089886,11,1030,1
530,938,Narnia,Italia (VI Umbria and Ager Gallicus),42 D3,3,12.51563,42.517602,11,1030,1
699,728,Segobriga,Hispania Tarraconensis,27 C2,4 or 5,-2.81302,39.885321,11,1030,1
263,884,Corfinium,Italia (IV Samnium),42 F4,3,13.842185,42.123814,11,1053,1
481,1156,Lychnidus,Macedonia,49 C2,3,20.793964,41.114676,11,1062,1
816,1063,Tridentum,Italia (X Venetia et Histria),39 I1,3,11.121006,46.067253,11,1062,1
775,901,Terventum,Italia (IV Samnium),44 G2,3,14.551936,41.782158,11,1077,1
84,383,Aquae Sulis,Britannia,8 E3,4 or 5,-2.357454,51.381428,12,1157,1
149,686,Baetulo,Hispania Tarraconensis,25 H4,3,2.229379,41.431628,12,1157,1
152,687,Barcino,Hispania Tarraconensis,25 H4,2,2.147368,41.349108,12,1157,1
220,909,Castrum Novum (Italia (V Picenum)),Italia (V Picenum),42 F3,3,13.966112,42.753362,12,1157,1
221,967,Castrum Novum (Italia (VII Etruria)),Italia (VII Etruria),44 A1,3,11.833334,42.033334,12,1157,1
275,1171,Cuicul,Mauretania Caesariensis,31 D4,3,5.735732,36.320494,12,1157,1
312,1082,Ebora,Lusitania,26 C3,3,-7.907296,38.572638,12,1157,1
355,1053,Forum Iulii (X Venetia et Histria),Italia (X Venetia et Histria),19 F3,3,13.431047,46.092796,12,1157,1
542,985,Nepet,Italia (VII Etruria),42 C4,3,12.347835,42.241889,12,1157,1
631,721,Pollentia (Hispania Tarraconensis),Hispania Tarraconensis,27 inset,3,3.017176,39.877683,12,1157,1
647,1184,Rapidum,Mauretania Caesariensis,30 F4,3,3.421825,36.136435,12,1157,1
656,489,Rhithymna,Creta et Cyrenaica,60 B2,3,24.472901,35.371092,12,1157,1
668,897,Saepinum,Italia (IV Samnium),44 G3,3,14.617674,41.433396,12,1157,1
727,730,Sisapo,Hispania Tarraconensis,27 A3,4 or 5,-4.518296,38.646441,12,1157,1
824,596,Tullum,Gallia Belgica,11 F4,4 or 5,5.891422,48.675077,12,1157,1
837,958,Urvinum Mataurense,Italia (VI Umbria and Ager Gallicus),42 D1,3,12.636848,43.723884,12,1157,1
459,1117,Limyra,Lycia et Pamphylia,65 D5,3,30.173168,36.344057,12,1212,1
414,888,Histonium,Italia (IV Samnium),42 H4,3,14.709621,42.112706,12,1216,1
17,505,Aequum,Dalmatia,20 D6,3,16.655704,43.739278,13,1288,1
62,253,Antiochia (Asia),Asia,65 A2,3,28.579354,37.871365,13,1288,1
138,908,Auximum,Italia (V Picenum),42 E2,3,13.485524,43.485838,13,1288,1
156,1047,Bellunum,Italia (X Venetia et Histria),19 E3,4 or 5,12.217395,46.140032,13,1288,1
181,1107,Cadyanda,Lycia et Pamphylia,65 B4,4 or 5,29.242155,36.725913,13,1288,1
192,756,Calatia,Italia (I Latium and Campania),44 F3,3,14.377833,41.041111,13,1288,1
233,1170,Choba,Mauretania Caesariensis,31 C3,3,5.481269,36.673105,13,1288,1
295,494,Dierna,Dacia,21 E5,3,22.407645,44.738264,13,1288,1
319,33,Elateia,Achaea,55 D3,2,22.764982,38.62635,13,1288,1
384,42,Halae,Achaea,55 E3,4 or 5,23.193751,38.653765,13,1288,1
464,781,Liternum,Italia (I Latium and Campania),44 F4,4 or 5,14.030095,40.921005,13,1288,1
537,1157,Neapolis (Macedonia),Macedonia,51 C3,3,24.415015,40.93504,13,1288,1
650,573,Ratiatum,Gallia Aquitania,14 D1,4 or 5,-1.546694,47.183971,13,1288,1
661,837,Rudiae,Italia (II Apulia et Calabria),45 H4,4 or 5,18.14849,40.33352,13,1288,1
718,1138,Sillyum,Lycia et Pamphylia,65 E4,3,30.98638,36.990721,13,1288,1
814,920,Trea,Italia (V Picenum),42 E2,3,13.312548,43.311591,13,1288,1
420,705,Iamo,Hispania Tarraconensis,27 inset,3,3.861187,40.009209,13,1292,1
27,628,Alba Helviorum,Gallia Narbonensis,17 D4,4 or 5,4.6001,44.560635,13,1325,1
413,932,Hispellum,Italia (VI Umbria and Ager Gallicus),42 D3,3,12.670753,42.994022,13,1330,1
170,1010,Brixellum,Italia (VIII Aemilia),39 H4,4 or 5,10.516667,44.9,13,1344,1
36,250,Alinda,Asia,61 F2,3,27.83048,37.560831,14,1422,1
189,755,Caiatia,Italia (I Latium and Campania),44 F3,3,14.366638,41.177123,14,1422,1
225,263,Cedreae,Asia,62 E4,4 or 5,30.88416,38.946418,14,1422,1
270,971,Cosa,Italia (VII Etruria),42 A4,3,11.289618,42.413185,14,1422,1
296,444,Diocaesarea,Cilicia et Cyprus,66 D3,3,33.924665,36.580481,14,1422,1
362,774,Fundi,Italia (I Latium and Campania),44 D3,3,13.426786,41.358806,14,1422,1
390,980,Heba,Italia (VII Etruria),42 A3,3,11.295279,42.592176,14,1422,1
506,859,Metapontum,Italia (III Lucania et Brutii),45 E4,3,16.825234,40.383628,14,1422,1
510,936,Mevania,Italia (VI Umbria and Ager Gallicus),42 D3,3,12.607281,42.931821,14,1422,1
515,783,Misenum,Italia (I Latium and Campania),44 F4,3,14.084886,40.786274,14,1422,1
591,75,Passaron,Achaea,54 C2,4 or 5,20.752394,39.733007,14,1422,1
593,916,Pausulae,Italia (V Picenum),42 F2,3,13.510245,43.248496,14,1422,1
708,950,Septempeda,Italia (VI Umbria and Ager Gallicus),42 E2,3,13.197841,43.235641,14,1422,1
845,738,Valeria,Hispania Tarraconensis,27 C2,3,-2.14935,39.811189,14,1422,1
710,797,Setia,Italia (I Latium and Campania),43 E3,3,13.058893,41.498643,14,1452,1
18,873,Aesernia,Italia (IV Samnium),44 F2,3,14.233993,41.598064,15,1559,2
31,629,Alebaece,Gallia Narbonensis,16 B2,4 or 5,6.090718,43.818614,15,1559,2
132,603,Augustodurum,Gallia Lugdunensis,7 F2,4 or 5,-0.7052,49.275312,15,1559,2
136,819,Ausculum,Italia (II Apulia et Calabria),45 C2,4 or 5,15.562485,41.207142,15,1559,2
148,637,Baeterrae,Gallia Narbonensis,15 A3,3,3.213445,43.341283,15,1559,2
180,606,Cabillonum,Gallia Lugdunensis,18 B3,4 or 5,4.856014,46.783372,15,1559,2
211,1031,Carreum,Italia (IX Liguria),39 B3,4 or 5,7.828285,45.006852,15,1559,2
212,926,Carsulae,Italia (VI Umbria and Ager Gallicus),42 D3,3,12.557153,42.639792,15,1559,2
231,20,Chaeronea,Achaea,55 D4,3,22.844532,38.494687,15,1559,2
260,766,Cora,Italia (I Latium and Campania),43 D3,3,12.91612,41.642797,15,1559,2
363,775,Gabii,Italia (I Latium and Campania),43 C2,2,12.715833,41.886944,15,1559,2
489,1361,Marissa,Syria Palestina,70 F2,3,34.898241,31.592963,15,1559,2
518,401,Moridunum,Britannia,8 C3,3,-4.296705,51.862004,15,1559,2
541,64,Neon,Achaea,55 D3,3,22.66757,38.584053,15,1559,2
626,944,Pitinum Mergens,Italia (VI Umbria and Ager Gallicus),42 D1,3,12.648462,43.546441,15,1559,2
634,722,Pompaelo,Hispania Tarraconensis,25 D3,4 or 5,-1.6428,42.817,15,1559,2
638,990,Portus,Italia (VII Etruria),43 B2,2,12.266667,41.779167,15,1559,2
696,727,Segeda,Hispania Tarraconensis,25 D4,3,-1.51768,41.289132,15,1559,2
732,1319,Soluntum,Silicia,47 D2,3,13.531739,38.092662,15,1559,2
772,1062,Tergestum,Italia (X Venetia et Histria),19 F4,3,13.770245,45.648459,15,1559,2
815,808,Trebula Balliensis,Italia (I Latium and Campania),44 F3,3,14.259857,41.227259,15,1559,2
846,1040,Vardagate,Italia (IX Liguria),39 C3,4 or 5,8.450886,45.137156,15,1559,2
747,898,Sulmo,Italia (IV Samnium),44 E1,3,13.925721,42.047699,15,1587,2
57,876,Angitia,Italia (IV Samnium),44 D2,4 or 5,13.459907,41.970045,15,1591,2
167,881,Bovianum,Italia (IV Samnium),44 F3,3,14.47104,41.482055,15,1595,2
0,1,Abae,Achaea,55 D3,4 or 5,22.933333,38.583333,16,1700,2
85,561,Aquae Tarbellicae,Gallia Aquitania,25 D2,4 or 5,-1.054009,43.70906,16,1700,2
141,880,Aveia,Italia (IV Samnium),42 E4,3,13.487411,42.295745,16,1700,2
186,384,Caesaromagus (Britannia),Britannia,8 H3,4 or 5,0.469708,51.735814,16,1700,2
190,692,Calagurris,Hispania Tarraconensis,25 D3,3,-1.965034,42.303719,16,1700,2
203,1080,Capera,Lusitania,24 E4,3,-6.101091,40.166755,16,1700,2
267,388,Corstopitum,Britannia,9 E6,4 or 5,-2.029155,54.978122,16,1700,2
337,911,Falerio,Italia (V Picenum),42 E2,3,13.470265,43.105492,16,1700,2
399,1306,Heraclea (Sicilia),Silicia,47 C4,3,13.290876,37.394824,16,1700,2
415,1207,Histria,Moesia Inferior,22 F4,3,28.774679,44.54737,16,1700,2
561,915,Numana,Italia (V Picenum),42 F1,4 or 5,13.622062,43.510254,16,1700,2
706,949,Sentinum,Italia (VI Umbria and Ager Gallicus),42 D2,3,12.852965,43.42179,16,1700,2
780,1201,Thamusida,Mauretania Tingitana,28 B5,4 or 5,-6.490479,34.334964,16,1700,2
808,1143,Tlos,Lycia et Pamphylia,65 B4,3,29.420789,36.553889,16,1700,2
16,504,Aenona,Dalmatia,20 C5,3,15.18415,44.243529,16,1714,2
121,1030,Augusta Bagiennorum,Italia (IX Liguria),39 B4,4 or 5,7.857836,44.561573,16,1718,2
697,195,Segermes,Africa Proconsularis,32 F4,3,10.299662,36.344697,16,1734,2
8,741,Acerrae,Italia (I Latium and Campania),44 F4,3,14.371049,40.945557,17,1843,2
256,568,Condevicnum,Gallia Aquitania,14 D1,4 or 5,-1.55278,47.21806,17,1843,2
385,1303,Halaesa,Silicia,47 E3,4 or 5,14.233333,37.983333,17,1843,2
438,530,Issa,Dalmatia,-,-,16.184086,43.061568,17,1843,2
570,1122,Oenoanda,Lycia et Pamphylia,65 C4,3,29.549677,36.809338,17,1843,2
579,718,Osca,Hispania Tarraconensis,25 E3,3,-0.408898,42.140102,17,1843,2
717,798,Signia,Italia (I Latium and Campania),43 E3,3,13.024373,41.692178,17,1843,2
725,841,Sipontum,Italia (II Apulia et Calabria),45 C1,3,15.889767,41.608482,17,1843,2
749,899,Superaequum,Italia (IV Samnium),42 F4,3,13.730645,42.130586,17,1843,2
347,1231,Flavia Solva,Noricum,20 C3,3,15.568722,46.768972,17,1847,2
624,943,Pisaurum,Italia (VI Umbria and Ager Gallicus),42 D1,3,12.909749,43.91017,17,1906,2
41,428,Amathus,Cilicia et Cyprus,72 C3,3,33.14383,34.712175,18,1989,2
218,19,Cassope,Achaea,54 C3,4 or 5,20.675916,39.145016,18,1989,2
228,227,Cemelenum,Alpes Maritimae,16 D2,3,7.275398,43.720661,18,1989,2
230,968,Centumcellae,Italia (VII Etruria),42 B4,4 or 5,11.796814,42.09118,18,1989,2
304,1300,Drepanum (Silicia),Silicia,47 A2,4 or 5,12.512684,38.015537,18,1989,2
307,390,Durobrivae (Britannia) (1),Britannia,8 G2,4 or 5,-0.34821,52.55899,18,1989,2
381,41,Hadrianopolis (Achaea),Achaea,54 B2,4 or 5,20.22466,39.996236,18,1989,2
523,1314,Mylae,Silicia,47 G2,4 or 5,15.233333,38.216667,18,1989,2
606,486,Phalasarna,Creta et Cyrenaica,60 A1,3,23.580407,35.501003,18,1989,2
621,895,Pinna,Italia (IV Samnium),42 F4,3,13.927488,42.457647,18,1989,2
733,1285,Sopianae,Pannonia Superior,20 F3,2,18.227955,46.076567,18,1989,2
742,997,Suana,Italia (VII Etruria),42 B3,4 or 5,11.64704,42.658622,18,1989,2
804,1264,Tiddis,Numidia,31 E4,4 or 5,6.478255,36.461823,18,1989,2
855,406,Venta Icenorum,Britannia,8 I2,3,1.290907,52.583373,18,1989,2
856,407,Venta Silurum,Britannia,8 F3,3,-2.768088,51.611249,18,1989,2
154,1268,Bassiana (Pannonia Inferior),Pannonia Inferior,21 B5,3,19.977001,44.969659,18,2013,2
330,701,Ercavica,Hispania Tarraconensis,25 C5,4 or 5,-2.669748,40.433344,19,2138,2
404,831,Herdoniae,Italia (II Apulia et Calabria),45 C2,4 or 5,15.620768,41.310742,19,2138,2
462,1310,Lipara,Silicia,47 F2,3,14.954018,38.467383,19,2138,2
501,58,Melos,Achaea,58 G4,4 or 5,24.420716,36.733024,19,2138,2
773,732,Termes,Hispania Tarraconensis,25 B4,4 or 5,-3.148649,41.331017,19,2138,2
873,1228,Viminacium (2),Moesia Superior,21 D5,2,21.216122,44.736776,19,2138,2
465,1198,Lixus,Mauretania Tingitana,28 B3,3,-6.11021,35.199807,19,2147,2
806,1202,Tingis,Mauretania Tingitana,28 C2,2,-5.810419,35.787168,19,2206,2
13,817,Aeclanum,Italia (II Apulia et Calabria),45 B2,3,14.99423,41.04212,20,2290,2
39,1146,Amantia,Macedonia,49 B3,4 or 5,19.61777,40.467945,20,2290,2
48,744,Anagnia,Italia (I Latium and Campania),43 E3,2,13.158999,41.742235,20,2290,2
139,1167,Auzia,Mauretania Caesariensis,30 G4,3,3.689949,36.145619,20,2290,2
151,850,Bantia,Italia (III Lucania et Brutii),45 D3,4 or 5,16.013926,40.861741,20,2290,2
153,259,Bargylia,Asia,61 F3,3,27.588037,37.195779,20,2290,2
198,925,Camerinum,Italia (VI Umbria and Ager Gallicus),42 E2,3,13.066642,43.134144,20,2290,2
201,826,Canusium,Italia (II Apulia et Calabria),45 D2,3,16.066025,41.222498,20,2290,2
232,21,Chalcis,Achaea,55 F4,2,23.643172,38.549423,20,2290,2
316,828,Egnatia,Italia (II Apulia et Calabria),45 F3,4 or 5,17.39084,40.887938,20,2290,2
346,912,Firmum,Italia (V Picenum),42 F2,3,13.724222,43.16563,20,2290,2
349,829,Forentum,Italia (II Apulia et Calabria),45 C2,4 or 5,15.770541,41.052244,20,2290,2
350,771,Formiae,Italia (I Latium and Campania),44 E3,3,13.605914,41.256351,20,2290,2
368,1033,Genua,Italia (IX Liguria),39 D5,4 or 5,8.932748,44.411119,20,2290,2
403,776,Herculaneum,Italia (I Latium and Campania),44 F4,3,14.347143,40.805855,20,2290,2
424,706,Iesso,Hispania Tarraconensis,25 G4,4 or 5,1.290233,41.787158,20,2290,2
448,291,Larisa (Asia),Asia,56 C2,4 or 5,26.147559,39.615744,20,2290,2
450,1071,Laus Pompeia,Italia (XI Transpadana),39 E3,4 or 5,9.418777,45.303456,20,2290,2
456,1037,Libarna,Italia (IX Liguria),39 D4,4 or 5,8.861004,44.709915,20,2290,2
479,834,Lupiae,Italia (II Apulia et Calabria),45 H4,3,18.174015,40.353291,20,2290,2
483,1250,Madauros,Numidia,32 A4,3,7.902356,36.07783,20,2290,2
494,650,Mauves,Gallia Narbonensis,14 D1,4 or 5,4.830044,45.03917,20,2290,2
531,538,Narona,Dalmatia,20 E6,3,17.61342,43.063722,20,2290,2
533,62,Naxus,Achaea,61 A3,4 or 5,25.519984,36.995779,20,2290,2
607,1129,Phaselis,Lycia et Pamphylia,65 E4,3,30.548712,36.52178,20,2290,2
609,82,Pheneus,Achaea,58 C2,3,22.295238,37.919454,20,2290,2
670,1133,Sagalassus,Lycia et Pamphylia,65 E2,2,30.519188,37.67674,20,2290,2
678,676,Saletio,Germania Superior,11 I4,4 or 5,8.106202,48.895055,20,2290,2
767,900,Teate Marrucinorum,Italia (IV Samnium),42 G4,3,14.167151,42.351793,20,2290,2
770,806,Telesia,Italia (I Latium and Campania),44 G3,3,14.528778,41.218463,20,2290,2
664,1186,Rusguniae,Mauretania Caesariensis,30 F3,3,3.235522,36.810022,20,2318,2
738,1160,Stobi,Macedonia,50 A1,3,21.974974,41.552591,20,2334,2
444,1248,Lambiridi,Numidia,34 D2,4 or 5,6.077305,35.503768,21,2444,2
534,63,Nea Pleuron,Achaea,55 A4,3,21.41202,38.414861,21,2444,2
743,953,Suasa,Italia (VI Umbria and Ager Gallicus),42 D1,3,12.983986,43.623375,21,2444,2
832,655,Unknown (3),Gallia Narbonensis,16 A3,4 or 5,5.982327,43.319761,21,2444,2
188,1011,Caesena,Italia (VIII Aemilia),40 C4,4 or 5,12.239124,44.13876,21,2475,2
341,1051,Feltria,Italia (X Venetia et Histria),19 D3,4 or 5,11.900036,46.016657,21,2519,3
75,473,Apollonia (Cyrenaica),Creta et Cyrenaica,38 C1,3,21.9725,32.8963,22,2601,3
98,749,Aricia,Italia (I Latium and Campania),43 C3,3,12.664436,41.731719,22,2601,3
348,976,Florentia,Italia (VII Etruria),42 A1,3,11.253807,43.770972,22,2601,3
549,1383,Nicopolis (Thracia),Thracia,51 B1,3,23.815278,41.605833,22,2601,3
596,228,Pedona,Alpes Maritimae,39 A5,4 or 5,7.468616,44.335303,22,2601,3
620,1131,Pinara,Lycia et Pamphylia,65 B5,3,29.240952,36.497572,22,2601,3
637,497,Porolissum,Dacia,21 F2,3,23.126667,47.230278,22,2601,3
674,838,Salapia Nova,Italia (II Apulia et Calabria),45 C2,4 or 5,15.959872,41.398574,22,2601,3
750,803,Surrentum,Italia (I Latium and Campania),44 F4,4 or 5,14.375738,40.626321,22,2601,3
37,743,Allifae,Italia (I Latium and Campania),44 F3,3,14.330584,41.328485,22,2603,3
191,1242,Calama,Numidia,31 G4,3,7.428361,36.4659,22,2650,3
352,226,Forum Claudii,Alpes Graiae et Poeninae,17 I1,4 or 5,7.073483,46.101706,22,2655,3
394,913,Helvia Ricina,Italia (V Picenum),42 E2,3,13.424,43.3279,22,2661,3
33,742,Aletrium,Italia (I Latium and Campania),44 D2,3,13.34211,41.726495,23,2760,3
159,1067,Bergomum,Italia (XI Transpadana),39 F2,3,9.669953,45.694903,23,2760,3
289,644,Dea Augusta Vocontiorum,Gallia Narbonensis,17 E4,3,5.370462,44.752501,23,2760,3
478,984,Luna,Italia (VII Etruria),41 C1,2,10.022101,44.062217,23,2760,3
595,1127,Pednelissus,Lycia et Pamphylia,65 E3,3,30.934141,37.214237,23,2760,3
641,918,Potentia (Italia (V Picenum)),Italia (V Picenum),42 F2,3,13.67103,43.414635,23,2760,3
691,1283,Scarbantia,Pannonia Superior,20 D2,3,16.590498,47.6848,23,2760,3
736,952,Spoletium,Italia (VI Umbria and Ager Gallicus),42 D3,2,12.736833,42.734216,23,2760,3
851,869,Velia,Italia (III Lucania et Brutii),46 B1,3,15.154241,40.159537,23,2760,3
325,1050,Emona,Italia (X Venetia et Histria),20 B3,3,14.505965,46.051426,23,2770,3
431,616,Ingena,Gallia Lugdunensis,7 E3,4 or 5,-1.361664,48.685832,23,2802,3
241,1012,Claterna,Italia (VIII Aemilia),40 B4,4 or 5,11.470525,44.443585,23,2815,3
434,914,Interamnia Praetuttiorum,Italia (V Picenum),42 F3,3,13.700768,42.659733,23,2818,3
257,1081,Conimbriga,Lusitania,24 C4,3,-8.494923,40.099154,23,2828,3
30,1028,Albintimilium,Italia (IX Liguria),16 E2,3,7.625772,43.789147,24,2922,3
64,432,Antiochia (Cilicia et Cyprus) (2),Cilicia et Cyprus,66 G3,3,35.4852,36.756188,24,2922,3
107,1102,Aspendus,Lycia et Pamphylia,65 F4,3,31.169115,36.939472,24,2922,3
213,334,Carteia,Baetica,26 E5,3,-5.410359,36.183163,24,2922,3
326,700,Emporiae,Hispania Tarraconensis,25 I3,3,3.115825,42.133303,24,2922,3
562,717,Numantia,Hispania Tarraconensis,25 C4,3,-2.444258,41.809586,24,2922,3
688,995,Saturnia,Italia (VII Etruria),42 B3,3,11.504827,42.666255,24,2922,3
463,532,Lissus,Dalmatia,49 B2,3,19.64367,41.785984,24,2971,3
338,929,Fanum Fortunae,Italia (VI Umbria and Ager Gallicus),42 E1,3,13.017751,43.843172,24,2974,3
630,1060,Pola,Italia (X Venetia et Histria),20 A5,3,13.841147,44.869652,24,2982,3
3,740,Abellinum,Italia (I Latium and Campania),44 G4,3,14.792723,40.914749,25,3085,3
43,923,Ameria,Italia (VI Umbria and Ager Gallicus),42 C3,3,12.413636,42.557585,25,3085,3
196,17,Calydon,Achaea,55 B4,3,21.532778,38.378056,25,3085,3
253,1068,Comum,Italia (XI Transpadana),39 E2,3,9.082065,45.81011,25,3085,3
428,288,Ilium,Asia,56 C2,3,26.257773,39.953869,25,3085,3
430,1035,Industria,Italia (IX Liguria),39 C3,4 or 5,8.018086,45.151641,25,3085,3
474,983,Lucus Feroniae,Italia (VII Etruria),42 D4,3,12.596872,42.129717,25,3085,3
491,892,Marruvium,Italia (IV Samnium),44 E1,3,13.623923,42.005292,25,3085,3
517,1313,Morgantina,Silicia,47 E4,3,14.479254,37.431064,25,3085,3
551,468,Nora,Corsica et Sardinia,48 B4,3,9.01586,38.984685,25,3085,3
566,941,Ocriculum,Italia (VI Umbria and Ager Gallicus),42 C4,3,12.47655,42.422887,25,3085,3
632,917,Pollentia (Italia (V Picenum)),Italia (V Picenum),39 B4,4 or 5,13.348377,43.266889,25,3085,3
663,993,Rusellae,Italia (VII Etruria),42 A3,3,11.159234,42.827387,25,3085,3
693,865,Scolacium,Italia (III Lucania et Brutii),46 E4,4 or 5,16.59605,38.810332,25,3085,3
728,1284,Siscia,Pannonia Superior,20 D4,2,16.371391,45.483168,25,3085,3
795,207,Thuburbo Maius,Africa Proconsularis,32 E4,3,9.904195,36.400856,25,3085,3
798,210,Thugga,Africa Proconsularis,32 D4,3,9.2202,36.4237,25,3085,3
822,955,Tuder,Italia (VI Umbria and Ager Gallicus),42 C3,3,12.406448,42.781909,25,3085,3
849,1002,Veii,Italia (VII Etruria),43 B1,3,12.395451,42.021684,25,3085,3
860,678,Vertillum,Germania Superior,18 B2,4 or 5,4.352002,47.917449,25,3085,3
866,1003,Vetulonia,Italia (VII Etruria),41 D4,3,10.971111,42.859444,25,3085,3
883,1145,Xanthus,Lycia et Pamphylia,65 B5,3,29.319885,36.356552,25,3085,3
302,525,Doclea,Dalmatia,49 B1,3,19.265596,42.468229,25,3104,3
360,930,Forum Sempronii,Italia (VI Umbria and Ager Gallicus),42 D1,4 or 5,12.817031,43.700322,25,3132,3
339,591,Fanum Martis,Gallia Belgica,11 D2,4 or 5,3.517835,50.311862,25,3137,3
1,1369,Abdera (Thracia),Thracia,51 D3,4 or 5,24.983333,40.95,26,3251,3
111,684,Asturica,Hispania Tarraconensis,24 E2,2,-6.057345,42.455951,26,3251,3
166,638,Boutae,Gallia Narbonensis,17 G2,4 or 5,6.126885,45.904455,26,3251,3
245,969,Clusium,Italia (VII Etruria),42 B2,2,11.949005,43.016697,26,3251,3
318,446,Elaeussa,Cilicia et Cyprus,66 E4,3,34.178741,36.494212,26,3251,3
684,1386,Samothrace,Thracia,51 F3,3,25.529249,40.500693,26,3251,3
840,735,Uxama,Hispania Tarraconensis,25 B4,4 or 5,-3.082109,41.585279,26,3251,3
600,894,Peltuinum,Italia (IV Samnium),42 F4,3,13.620278,42.285833,26,3260,3
731,461,Soli,Cilicia et Cyprus,72 B2,3,32.811959,35.139761,26,3307,3
364,236,Gadara,Arabia,69 C4,3,35.678858,32.655629,27,3420,3
378,979,Graviscae,Italia (VII Etruria),42 B4,3,11.710278,42.212778,27,3420,3
432,777,Interamna Lirenas,Italia (I Latium and Campania),44 E3,3,13.787852,41.438332,27,3420,3
548,1210,Nicopolis (Moesia Inferior),Moesia Inferior,22 C5,3,25.612232,43.217925,27,3420,3
594,1091,Pax Iulia,Lusitania,26 C4,2,-7.865235,38.015624,27,3420,3
671,725,Saguntum,Hispania Tarraconensis,27 E2,3,-0.277795,39.676202,27,3420,3
677,795,Salernum,Italia (I Latium and Campania),44 G4,3,14.759886,40.679087,27,3420,3
783,319,Theangela,Asia,61 F3,4 or 5,27.59493,37.044492,27,3420,3
853,812,Venafrum,Italia (I Latium and Campania),44 F3,3,14.043465,41.485659,27,3469,3
2,739,Abella,Italia (I Latium and Campania),44 G4,3,14.601389,40.96,28,3590,4
40,410,Amasia,Cappadocia et Galatia,87 A4,4 or 5,35.828747,40.659003,28,3590,4
178,1150,Byllis,Macedonia,49 B3,3,19.739266,40.538262,28,3590,4
205,170,Capsa,Africa Proconsularis,33 C4,3,8.786674,34.418648,28,3590,4
367,646,Genava,Gallia Narbonensis,18 D3,4 or 5,6.139959,46.20381,28,3590,4
396,282,Heraclea (Asia) (1),Asia,61 F2,3,27.526883,37.502431,28,3590,4
439,396,Isurium,Britannia,9 F6,3,-1.371971,54.091275,28,3590,4
477,400,Luguvalium,Britannia,9 E6,3,-2.938982,54.89532,28,3590,4
555,624,Noviodunum (Gallia Lugdunensis),Gallia Lugdunensis,7 F3,4 or 5,-0.494546,48.25736,28,3590,4
576,69,Orchomenus Minyeaus,Achaea,55 D4,2,22.981125,38.493255,28,3590,4
870,1066,Vicetia,Italia (X Venetia et Histria),40 B1,3,11.54551,45.547333,28,3590,4
694,1224,Scupi,Moesia Superior,49 D1,2,21.391437,42.016885,28,3622,4
333,769,Fabrateria Nova,Italia (I Latium and Campania),44 E2,3,13.558926,41.502833,28,3626,4
83,1029,Aquae Statiellae,Italia (IX Liguria),39 C4,4 or 5,8.470669,44.675527,29,3762,4
271,610,Cosedia,Gallia Lugdunensis,7 E2,4 or 5,-1.444318,49.048162,29,3762,4
451,780,Lavinium,Italia (I Latium and Campania),43 B3,3,12.470884,41.667974,29,3762,4
692,550,Scodra,Dalmatia,49 B1,3,19.522997,42.066252,29,3762,4
162,688,Bilbilis,Hispania Tarraconensis,25 D4,3,-1.608288,41.376648,29,3844,4
380,1173,Gunugu,Mauretania Caesariensis,30 C3,3,1.9056,36.571558,29,3847,4
58,9,Anthedon,Achaea,55 E4,3,23.461481,38.497543,30,3937,4
79,492,Apulum (1),Dacia,21 F3,2,23.572665,46.069003,30,3937,4
87,1267,Aquincum,Pannonia Inferior,20 G2,2,19.050216,47.56473,30,3937,4
90,666,Arae Flaviae,Germania Superior,12 B4,2,8.627925,48.166687,30,3937,4
238,765,Circeii (2),Italia (I Latium and Campania),44 D3,3,13.096164,41.235449,30,3937,4
278,928,Cupra Maritima,Italia (VI Umbria and Ager Gallicus),42 F2,3,13.116407,43.446889,30,3937,4
288,1217,Dard(...),Moesia Superior,21 C6,3,20.818318,43.026881,30,3937,4
291,29,Delphi,Achaea,55 D4,2,22.5,38.483333,30,3937,4
297,1378,Diocletianopolis,Thracia,22 B6,3,24.707716,42.503218,30,3937,4
322,1357,Eleutheropolis,Syria Palestina,70 F2,2,34.893976,31.617141,30,3937,4
540,593,Nemetacum,Gallia Belgica,11 C2,4 or 5,2.780742,50.289319,30,3937,4
580,1090,Ossonoba,Lusitania,26 C4,3,-7.935108,37.01535,30,3937,4
589,1020,Parma,Italia (VIII Aemilia),39 G4,3,10.327894,44.800946,30,3937,4
612,1342,Philadelphia (Syria),Syria,71 B2,2,35.932757,31.949741,30,3937,4
623,987,Pisae,Italia (VII Etruria),41 C2,2,10.40074,43.714368,30,3937,4
633,487,Polyrrhenium,Creta et Cyrenaica,60 A2,3,23.657098,35.466785,30,3937,4
690,1094,Scallabis,Lusitania,26 B2,2,-8.687059,39.236177,30,3937,4
762,1061,Tarvisium,Italia (X Venetia et Histria),40 C1,4 or 5,12.242072,45.666286,30,3937,4
774,1142,Termessus,Lycia et Pamphylia,65 D4,3,30.464722,36.9825,30,3937,4
782,1161,Thasos,Macedonia,51 D3,3,24.738633,40.747565,30,3937,4
784,100,Thebae,Achaea,55 E4,2,23.317799,38.319077,30,3937,4
796,1261,Thuburnica,Numidia,32 B3,3,8.461267,36.527541,30,3937,4
805,1000,Tifernum Tiberinum,Italia (VII Etruria),42 C2,3,12.243968,43.460874,30,3937,4
827,1322,Tyndaris,Silicia,47 G2,3,15.03996,38.145393,30,3937,4
842,656,Valentia (Gallia Narbonensis),Gallia Narbonensis,17 D4,3,4.889886,44.929811,30,3937,4
869,870,Vibo Valentia,Italia (III Lucania et Brutii),46 D4,3,16.104975,38.670773,30,3937,4
878,1005,Volaterra,Italia (VII Etruria),41 D3,3,10.858256,43.402179,30,3937,4
50,1371,Anchialus,Thracia,22 E6,3,27.641374,42.555937,31,4113,4
106,924,Asisium,Italia (VI Umbria and Ager Gallicus),42 D2,3,12.617518,43.070167,31,4113,4
224,262,Caunus,Asia,65 A4,3,28.621505,36.825754,31,4113,4
235,174,Cillium,Africa Proconsularis,33 C2,3,8.799233,35.167704,31,4113,4
334,972,Faesulae,Italia (VII Etruria),42 A1,3,11.293835,43.808079,31,4113,4
336,973,Falerii Novi,Italia (VII Etruria),42 C4,3,12.411516,42.28884,31,4113,4
343,974,Ferentum,Italia (VII Etruria),42 C4,3,12.132177,42.48859,31,4113,4
564,940,Nursia,Italia (VI Umbria and Ager Gallicus),42 E3,3,13.093901,42.79336,31,4113,4
724,799,Sinuessa,Italia (I Latium and Campania),44 E3,3,13.894556,41.115167,31,4113,4
813,107,Torybea,Achaea,54 D4,4 or 5,21.726328,38.355158,31,4113,4
252,268,Colophon,Asia,61 E1,3,27.200838,38.002389,31,4148,4
373,647,Glanum,Gallia Narbonensis,15 D2,4 or 5,4.8325,43.773889,32,4291,4
395,44,Hephaestia,Achaea,56 A2,4 or 5,25.324204,39.95907,32,4291,4
500,421,Melitene,Cappadocia et Galatia,64 E4,2,37.250001,38.250001,32,4291,4
571,1213,Oescus,Moesia Inferior,22 B5,3,24.465476,43.710514,32,4291,4
572,469,Olbia,Corsica et Sardinia,48 B2,3,9.500191,40.923049,32,4291,4
686,500,Sarmizegetusa,Dacia,21 E4,3,22.809406,45.509997,32,4291,4
852,811,Velitrae,Italia (I Latium and Campania),43 D3,3,12.777943,41.688987,32,4291,4
554,1073,Novaria,Italia (XI Transpadana),39 D3,3,8.621834,45.446198,32,4318,4
26,874,Alba Fucentia,Italia (IV Samnium),42 E4,3,13.408983,42.079894,33,4471,4
89,1327,Aradus,Syria,68 A4,4 or 5,35.858333,34.856111,33,4471,4
168,690,Bracara,Hispania Tarraconensis,24 C3,2,-8.42699,41.550136,33,4471,4
379,856,Grumentum,Italia (III Lucania et Brutii),45 C4,3,15.906111,40.283889,33,4471,4
508,60,Methone,Achaea,58 B4,3,23.069231,39.327999,33,4471,4
514,782,Minturnae,Italia (I Latium and Campania),44 E3,2,13.74664,41.262771,33,4471,4
698,1318,Segesta,Silicia,47 B3,3,12.832376,37.941352,33,4471,4
421,287,Iasus,Asia,61 F3,3,27.582133,37.277521,34,4653,5
447,891,Larinum,Italia (IV Samnium),45 A1,3,14.916232,41.805416,34,4653,5
830,1226,Ulpiana,Moesia Superior,49 D1,3,21.195698,42.600105,34,4653,5
841,218,Uzalis,Africa Proconsularis,32 F2,4 or 5,10.033986,37.169048,34,4653,5
5,159,Abthungi,Africa Proconsularis,32 E4,3,10.019787,36.199895,35,4837,5
55,560,Anderitum,Gallia Aquitania,17 A4,4 or 5,3.342674,44.69387,35,4837,5
116,752,Atina,Italia (I Latium and Campania),44 E2,3,13.799572,41.619665,35,4837,5
299,1152,Dium,Macedonia,50 B4,3,22.48613,40.172852,35,4837,5
323,235,Elusa,Arabia,70 F3,3,34.653209,31.100106,35,4837,5
559,663,Noviomagus (Germania Inferior),Germania Inferior,10 B5,3,5.858672,51.84167,35,4837,5
603,986,Perusia,Italia (VII Etruria),42 C2,2,12.388791,43.111742,35,4837,5
629,946,Plestia,Italia (VI Umbria and Ager Gallicus),42 D2,3,12.889556,43.027667,35,4837,5
666,194,Sabratha,Africa Proconsularis,35 E2,2,12.487045,32.804889,35,4837,5
721,1225,Singidunum,Moesia Superior,21 C5,3,20.4503,44.8236,35,4837,5
739,316,Stratonicaea,Asia,56 F3,3,27.801765,39.142114,35,4837,5
744,801,Suessa,Italia (I Latium and Campania),44 E3,3,13.933661,41.236115,35,4837,5
874,1286,Vindobona,Pannonia Superior,13 B4,3,16.373946,48.211345,35,4837,5
880,1006,Volsinii Novi,Italia (VII Etruria),42 C3,2,12.02671,42.737752,35,4837,5
28,1026,Alba Pompeia,Italia (IX Liguria),39 C4,4 or 5,8.035259,44.700862,35,4916,5
143,669,Aventicum,Germania Superior,18 E3,3,7.046868,46.882694,36,5022,5
748,677,Sumelocenna,Germania Superior,12 B4,4 or 5,8.93775,48.476887,36,5022,5
848,657,Vasio,Gallia Narbonensis,15 E1,4 or 5,5.073958,44.241028,36,5022,5
587,1316,Panormus,Silicia,47 C2,2,13.361376,38.115619,36,5067,5
150,583,Bagacum,Gallia Belgica,11 D2,4 or 5,3.798889,50.298056,37,5210,5
437,395,Isca,Britannia,8 D4,3,-3.530026,50.722434,37,5210,5
574,1057,Opitergum,Italia (X Venetia et Histria),40 D1,4 or 5,12.490642,45.781115,37,5210,5
834,921,Urbs Salvia,Italia (V Picenum),42 E2,3,13.381379,43.198353,37,5210,5
843,736,Valentia (Hispania Tarraconensis) (1),Hispania Tarraconensis,27 E2,3,-0.375507,39.475798,37,5210,5
361,931,Fulginiae,Italia (VI Umbria and Ager Gallicus),42 D3,3,12.703192,42.955653,37,5240,5
636,457,Pompeiopolis,Cilicia et Cyprus,66 F3,3,34.603922,36.80888,37,5255,5
239,1244,Cirta,Numidia,31 F4,3,6.612554,36.367897,37,5264,5
10,1292,Acrae,Silicia,47 F4,4 or 5,14.894215,37.057781,38,5399,5
272,1113,Cremna,Lycia et Pamphylia,65 E2,3,30.6911,37.500139,38,5399,5
293,1032,Dertona,Italia (IX Liguria),39 D4,3,8.865485,44.897171,38,5399,5
388,1034,Hasta,Italia (IX Liguria),39 C4,4 or 5,8.207778,44.898889,38,5399,5
528,496,Napoca,Dacia,21 F3,3,23.60429,46.776306,38,5399,5
552,786,Norba,Italia (I Latium and Campania),43 D3,3,12.960278,41.591667,38,5399,5
715,1136,Side,Lycia et Pamphylia,65 F4,2,31.388793,36.766346,38,5399,5
722,365,Singilia Barba,Baetica,26 F4,4 or 5,-4.630364,37.032488,38,5399,5
858,1075,Vercellae,Italia (XI Transpadana),39 C3,3,8.422795,45.325287,38,5399,5
700,574,Segodunum,Gallia Aquitania,14 H4,3,2.573786,44.351011,38,5418,5
340,1014,Faventia,Italia (VIII Aemilia),40 B4,4 or 5,11.882989,44.285348,38,5477,5
63,412,Antiochia (Cappadocia et Galatia),Cappadocia et Galatia,62 F5,2,31.178933,38.300733,39,5589,6
105,906,Asculum,Italia (V Picenum),42 F3,2,13.575401,42.854273,39,5589,6
127,635,Augusta Tricastinorum,Gallia Narbonensis,17 D5,3,4.766995,44.349538,39,5589,6
306,389,Durnovaria,Britannia,8 E4,3,-2.440504,50.71094,39,5589,6
317,275,Elaea,Asia,56 E4,3,27.055256,38.941644,39,5589,6
356,1017,Forum Livii,Italia (VIII Aemilia),40 C4,4 or 5,12.040433,44.221874,39,5589,6
567,1212,Odessus,Moesia Inferior,22 E5,3,27.911806,43.216645,39,5589,6
820,1194,Tubusuctu,Mauretania Caesariensis,31 B3,3,4.841954,36.665461,39,5651,6
51,905,Ancona,Italia (V Picenum),42 F1,2,13.518757,43.615857,40,5782,6
53,1274,Andautonia,Pannonia Superior,20 D4,3,16.11724,45.773624,40,5782,6
99,1008,Ariminum,Italia (VIII Aemilia),40 D4,3,12.566257,44.060779,40,5782,6
145,1354,Azotos,Syria Palestina,70 F2,3,34.622004,31.783466,40,5782,6
210,1278,Carnuntum (2),Pannonia Superior,13 B4,3,16.863149,48.114778,40,5782,6
222,694,Castulo,Hispania Tarraconensis,27 B3,3,-3.623611,38.035833,40,5782,6
261,441,Coracesium,Cilicia et Cyprus,65 G4,3,31.985995,36.549144,40,5782,6
313,393,Eburacum,Britannia,9 F7,2,-1.082286,53.957702,40,5782,6
324,1358,Emmaus,Syria Palestina,70 F2,3,34.989503,31.839201,40,5782,6
406,133,Heroonpolis,Aegyptus,74 G3,4 or 5,32.099207,30.553048,40,5782,6
423,447,Idalium,Cilicia et Cyprus,72 C2,3,33.424817,35.01609,40,5782,6
452,1308,Leontini,Silicia,47 G4,3,15.000592,37.286523,40,5782,6
507,141,Metelis,Aegyptus,74 C2,4 or 5,30.375411,31.12039,40,5782,6
720,1255,Simitthus,Numidia,32 C4,3,8.57355,36.49092,40,5782,6
741,95,Stymphalum,Achaea,58 C2,3,22.45934,37.859281,40,5782,6
758,804,Tarracina,Italia (I Latium and Campania),44 D3,2,13.248865,41.291217,40,5782,6
785,101,Thebae Phthiotides,Achaea,55 D2,3,22.762344,39.27303,40,5782,6
791,203,Thibiuca,Africa Proconsularis,32 E3,4 or 5,9.750001,36.750001,40,5782,6
800,1368,Tiberias,Syria Palestina,69 C4,3,35.544028,32.776226,40,5782,6
823,956,Tuficum,Italia (VI Umbria and Ager Gallicus),42 D2,3,12.997564,43.345836,40,5782,6
123,225,Augusta Praetoria,Alpes Graiae et Poeninae,39 A2,3,7.313234,45.735,41,5975,6
382,1380,Hadrianopolis (Thracia),Thracia,51 H1,3,26.562891,41.676459,41,5975,6
473,714,Lucus Augusti (Hispania Tarraconensis),Hispania Tarraconensis,24 D1,2,-7.557873,43.011212,41,5975,6
745,802,Suessula,Italia (I Latium and Campania),44 F4,3,14.398876,40.990548,41,5975,6
763,490,Taucheira,Creta et Cyrenaica,38 B1,3,20.565847,32.537142,41,5975,6
818,108,Troezen,Achaea,58 E3,3,23.362481,37.496574,41,5975,6
327,670,Epamanduodurum,Germania Superior,18 D2,4 or 5,6.806111,47.451944,41,5985,6
461,398,Lindum,Britannia,8 G1,3,-0.538436,53.234863,41,6034,6
704,460,Selinus,Cilicia et Cyprus,66 A4,4 or 5,32.283277,36.258467,41,6053,6
174,1241,Bulla Regia,Numidia,32 C3,4 or 5,8.756092,36.558576,41,6067,6
78,474,Aptera,Creta et Cyrenaica,60 B2,4 or 5,24.142,35.4629,42,6171,6
389,338,Hasta Regia,Baetica,26 D5,3,-6.172572,36.788002,42,6171,6
468,671,Lopodunum,Germania Superior,12 B3,4 or 5,8.614162,49.47416,42,6171,6
557,402,Noviomagus (Britannia (Inferior et Superior)),Britannia,8 G4,3,-0.779196,50.836505,42,6171,6
811,1214,Tomis,Moesia Inferior,22 F4,3,28.638242,44.173096,42,6171,6
254,1049,Concordia,Italia (X Venetia et Histria),40 D1,3,12.844317,45.756918,42,6244,6
124,668,Augusta Raurica,Germania Superior,18 E2,3,7.721389,47.533889,43,6368,6
503,187,Meninx,Africa Proconsularis,35 C1,3,10.913075,33.688857,43,6368,6
654,1023,Regium Lepidum,Italia (VIII Aemilia),39 H4,4 or 5,10.631331,44.698103,43,6368,6
702,459,Seleucia (Cilicia et Cyprus),Cilicia et Cyprus,66 D4,3,33.921463,36.379274,43,6368,6
881,1203,Volubilis,Mauretania Tingitana,28 C5,3,-5.554507,34.073396,43,6368,6
353,1016,Forum Cornelii,Italia (VIII Aemilia),40 B4,4 or 5,11.713988,44.352373,43,6433,6
565,303,Nysa,Asia,61 G2,3,28.144999,37.903405,44,6567,7
642,792,Praeneste,Italia (I Latium and Campania),43 D2,2,12.892377,41.840006,44,6567,7
729,1191,Sitifis,Mauretania Caesariensis,31 C4,2,5.4072,36.1886,44,6567,7
803,1074,Ticinum,Italia (XI Transpadana),39 E3,4 or 5,9.155164,45.184912,44,6567,7
857,845,Venusia,Italia (II Apulia et Calabria),45 C3,3,15.819405,40.963082,44,6567,7
781,201,Thapsus,Africa Proconsularis,33 H1,3,11.0428,35.622788,44,6579,7
59,11,Antigonia,Achaea,49 C3,4 or 5,20.221111,40.105278,45,6767,7
92,748,Ardea,Italia (I Latium and Campania),43 C3,3,12.510598,41.611502,45,6767,7
118,907,Atria,Italia (V Picenum),42 F3,3,13.975858,42.579977,45,6767,7
195,385,Calleva,Britannia,8 F3,3,-1.082817,51.357148,45,6767,7
268,970,Cortona,Italia (VII Etruria),42 B2,3,11.985527,43.274476,45,6767,7
344,975,Fidenae,Italia (VII Etruria),43 C2,4 or 5,12.515431,41.982054,45,6767,7
412,339,Hispalis,Baetica,26 E4,2,-5.996676,37.394112,45,6767,7
480,621,Lutetia,Gallia Lugdunensis,11 C4,4 or 5,2.351107,48.856515,45,6767,7
485,351,Malaca,Baetica,27 A5,3,-4.416667,36.716667,45,6767,7
679,1093,Salmantica,Lusitania,24 F4,3,-5.663087,40.964965,45,6767,7
802,902,Tibur,Italia (IV Samnium),43 D2,2,12.798272,41.963579,45,6767,7
184,1355,Caesarea Maritima,Syria Palestina,69 A4,3,34.892078,32.500908,45,6779,7
142,636,Avennio,Gallia Narbonensis,15 D2,4 or 5,4.80676,43.947655,45,6859,7
648,404,Ratae,Britannia,8 F2,3,-1.139808,52.634971,46,6969,7
689,1282,Savaria,Pannonia Superior,20 D2,3,16.617369,47.231643,46,7019,7
746,198,Sufetula,Africa Proconsularis,33 D2,3,9.118399,35.241664,46,7037,7
183,691,Caesaraugusta,Hispania Tarraconensis,25 E4,2,-0.878491,41.654027,47,7172,7
208,333,Carmo,Baetica,26 E4,3,-5.640374,37.471356,47,7172,7
618,86,Phoenice,Achaea,54 B2,3,20.057993,39.913158,47,7172,7
877,1237,Virunum,Noricum,20 B3,2,14.366944,46.69775,47,7188,7
797,1262,Thubursicum Numidarum,Numidia,31 H4,3,7.655351,36.193186,47,7251,7
109,257,Assus,Asia,56 C3,3,26.336667,39.490556,48,7376,7
133,604,Augustomagus,Gallia Lugdunensis,11 C3,4 or 5,2.586016,49.206826,48,7376,7
144,166,Avitta,Africa Proconsularis,32 E4,3,9.705949,36.409022,48,7376,7
199,386,Camulodunum,Britannia,8 H3,3,0.899031,51.890961,48,7376,7
433,934,Interamna Nahars,Italia (VI Umbria and Ager Gallicus),42 D3,3,12.646781,42.560219,48,7376,7
469,982,Luca,Italia (VII Etruria),41 C2,2,10.50603,43.845012,48,7376,7
520,1272,Mursa,Pannonia Inferior,20 F4,3,18.675749,45.560018,48,7376,7
573,1089,Olisipo,Lusitania,26 A3,3,-9.145302,38.721227,48,7376,7
864,576,Vesunna,Gallia Aquitania,14 F3,3,0.721994,45.183546,48,7401,7
219,435,Castabala,Cilicia et Cyprus,67 C2,3,36.177154,37.160372,49,7582,8
440,347,Italica,Baetica,26 D4,3,-6.044856,37.44111,49,7582,8
476,571,Lugdunum Convenarum,Gallia Aquitania,25 F2,3,0.573699,43.02753,49,7582,8
793,104,Thisbe,Achaea,55 D4,3,22.967793,38.260887,49,7582,8
354,645,Forum Iulii (Gallia Narbonensis),Gallia Narbonensis,16 C3,3,6.733551,43.433273,49,7628,8
9,323,Acinippo,Baetica,26 E5,4 or 5,-5.240746,36.832412,50,7790,8
112,751,Atella,Italia (I Latium and Campania),44 F4,3,14.269963,40.980411,50,7790,8
113,1046,Ateste,Italia (X Venetia et Histria),40 B2,4 or 5,11.666667,45.233333,50,7790,8
129,582,Augusta Viromanduorum,Gallia Belgica,11 D3,4 or 5,3.287121,49.845334,50,7790,8
164,1009,Bononia,Italia (VIII Aemilia),40 A4,3,11.342381,44.494599,50,7790,8
171,1048,Brixia,Italia (X Venetia et Histria),39 G2,2,10.219836,45.539406,50,7790,8
259,853,Copia,Italia (III Lucania et Brutii),46 E2,3,16.490517,39.715622,50,7790,8
371,177,Gigthis,Africa Proconsularis,35 C1,3,10.6795,33.5415,50,7790,8
590,74,Paros,Achaea,61 A3,4 or 5,25.146409,37.076431,50,7790,8
617,308,Phocaea,Asia,56 D4,3,26.758728,38.672908,50,7790,8
627,1021,Placentia,Italia (VIII Aemilia),39 F3,2,9.693115,45.052388,50,7790,8
765,843,Teanum Apulum,Italia (II Apulia et Calabria),45 B1,3,15.261291,41.739075,50,7790,8
779,1258,Thamugadi,Numidia,34 E2,3,6.468525,35.485017,50,7790,8
169,1269,Brigetio,Pannonia Inferior,20 F2,3,18.169507,47.735239,51,7999,8
550,785,Nola,Italia (I Latium and Campania),44 G4,2,14.528564,40.925877,51,7999,8
613,1159,Philippi,Macedonia,51 C2,2,24.339126,41.025172,51,7999,8
14,4,Aegina,Achaea,59 A3,2,23.4285,37.750074,52,8209,8
104,1353,Ascalon,Syria Palestina,70 F2,2,34.556159,31.669799,52,8209,8
300,589,Divodurum,Gallia Belgica,11 G3,4 or 5,6.175634,49.120221,52,8209,8
374,394,Glevum,Britannia,8 E3,3,-2.245843,51.865325,52,8209,8
455,181,Leptiminus,Africa Proconsularis,33 G1,3,10.898,35.666,52,8209,8
568,191,Oea,Africa Proconsularis,35 F2,2,13.187507,32.876174,52,8209,8
859,1065,Verona,Italia (X Venetia et Histria),39 H3,2,10.997047,45.442663,52,8209,8
229,608,Cenabum,Gallia Lugdunensis,14 G1,3,1.903976,47.901387,53,8420,8
831,215,Unknown (1),Africa Proconsularis,-,-,8.966667,35.266667,53,8484,8
126,223,Augusta Taurinorum,Alpes Cottiae,39 B3,3,7.686619,45.070562,54,8633,9
248,479,Cnossus,Creta et Cyrenaica,60 D2,2,25.160724,35.298843,54,8633,9
522,1019,Mutina,Italia (VIII Aemilia),39 H4,3,10.92522,44.64708,54,8633,9
94,667,Argentoratum,Germania Superior,11 H4,3,7.743749,48.582933,55,8848,9
101,962,Arretium,Italia (VII Etruria),42 B2,2,11.881301,43.463409,55,8848,9
676,1189,Saldae,Mauretania Caesariensis,31 C3,3,5.078027,36.758025,55,8951,9
234,1270,Cibalae,Pannonia Inferior,20 F4,3,18.801048,45.291025,56,9063,9
492,649,Massalia,Gallia Narbonensis,15 E3,2,5.364897,43.303884,56,9063,9
273,1013,Cremona,Italia (VIII Aemilia),39 G3,3,10.02297,45.134868,57,9280,9
309,590,Durocortorum,Gallia Belgica,11 E3,3,4.033091,49.256602,57,9280,9
397,857,Heraclea (Italia (III Lucania et Brutii)),Italia (III Lucania et Brutii),46 E1,3,16.691668,40.208334,57,9280,9
400,1381,Heraclea (Thracia),Thracia,52 B3,3,27.952973,40.971013,57,9280,9
402,129,Heracleopolis Parva,Aegyptus,74 G2,4 or 5,32.167572,30.982139,57,9280,9
768,152,Tebtunis,Aegyptus,75 D2,4 or 5,29.106896,30.761239,57,9280,9
807,1193,Tipasa,Mauretania Caesariensis,30 D3,3,2.4456,36.5914,57,9280,9
872,1227,Viminacium (1),Moesia Superior,21 D5,2,21.216122,44.736776,57,9280,9
216,693,Carthago Nova,Hispania Tarraconensis,27 E4,2,-0.984266,37.599656,58,9498,9
243,24,Cleitor,Achaea,58 C2,3,22.044647,37.885611,58,9498,9
247,267,Cnidus,Asia,61 F4,3,27.683943,36.732481,58,9498,9
660,626,Rotomagus,Gallia Lugdunensis,11 B3,4 or 5,1.092623,49.441988,58,9498,9
680,547,Salona,Dalmatia,20 D6,2,16.48323,43.539485,58,9498,9
812,1163,Torone,Macedonia,51 B5,3,23.904451,39.976665,58,9498,9
854,405,Venta Belgarum,Britannia,8 F3,3,-1.316504,51.062941,58,9498,9
305,1218,Drobeta,Moesia Superior,21 E5,3,22.665,44.631111,59,9718,10
310,392,Durovernum,Britannia,8 I3,3,1.080503,51.278717,59,9718,10
597,77,Pelinna,Achaea,55 C1,4 or 5,21.951944,39.576637,59,9718,10
703,1135,Selge,Lycia et Pamphylia,65 F3,3,31.127958,37.228159,59,9718,10
12,1293,Adranum,Silicia,47 C3,3,13.13773,37.663228,60,9938,10
46,251,Amorium,Asia,62 F3,3,31.320619,39.035611,60,9938,10
56,430,Anemurium,Cilicia et Cyprus,66 B4,3,32.802995,36.022713,60,9938,10
359,613,Forum Segusiavorum,Gallia Lugdunensis,17 C2,4 or 5,4.222007,45.743773,60,9938,10
410,1246,Hippo Regius,Numidia,31 H3,2,7.7571,36.9007,60,9938,10
488,1219,Margum,Moesia Superior,21 D5,3,21.061748,44.69123,60,9938,10
526,301,Myrina,Asia,56 D4,4 or 5,26.985537,38.840097,60,9938,10
616,85,Phlius,Achaea,58 D2,3,22.641069,37.831664,60,9938,10
635,790,Pompeii,Italia (I Latium and Campania),44 F4,3,14.484821,40.749283,60,9938,10
649,1222,Ratiaria,Moesia Superior,21 E6,3,22.904856,43.817397,60,9938,10
707,1367,Sepphoris,Syria Palestina,69 B4,3,35.279708,32.75354,60,9938,10
604,240,Petra,Arabia,71 A5,2,35.442275,30.328981,60,9958,10
82,632,Aquae Sextiae,Gallia Narbonensis,15 E2,3,5.448322,43.529405,61,10160,10
165,231,Bostra,Arabia,69 D4,2,36.482118,32.518318,61,10160,10
675,839,Salapia Vetus,Italia (II Apulia et Calabria),45 C2,4 or 5,15.9933,41.403381,61,10160,10
771,1140,Telmessus,Lycia et Pamphylia,65 B4,3,29.116464,36.621188,61,10160,10
93,634,Arelate,Gallia Narbonensis,15 D2,2,4.627804,43.676651,62,10384,10
172,822,Brundisium,Italia (II Apulia et Calabria),45 G3,3,17.938991,40.636175,62,10384,10
754,96,Tanagra,Achaea,59 B1,3,23.536834,38.32732,62,10384,10
128,1288,Augusta Vindelicum,Raetia,12 D4,2,10.894765,48.365463,63,10608,11
602,1128,Perge,Lycia et Pamphylia,65 E4,2,30.854072,36.960317,63,10608,11
117,15,Atrax,Achaea,55 C1,3,22.199557,39.571253,64,10833,11
193,757,Cales,Italia (I Latium and Campania),44 F3,3,14.132,41.2,64,10833,11
496,622,Mediolanum (Gallia Lugdunensis) (1),Gallia Lugdunensis,11 B3,4 or 5,1.153484,49.021165,64,10833,11
44,875,Amiternum,Italia (IV Samnium),42 E4,3,13.306,42.400556,65,11060,11
214,1169,Cartenna,Mauretania Caesariensis,30 B3,3,1.307598,36.510418,65,11060,11
532,592,Nasium,Gallia Belgica,11 F4,4 or 5,5.386462,48.6323,65,11060,11
764,1321,Tauromenium,Silicia,47 G3,3,15.287916,37.853066,65,11060,11
91,633,Arausio,Gallia Narbonensis,15 D1,3,4.807562,44.136702,65,11078,11
716,1345,Sidon,Syria,69 B2,2,35.371208,33.560243,66,11288,11
723,381,Sinope,Bithynia et Pontus,87 A2,2,35.148025,42.026184,66,11288,11
71,1326,Apamea (Syria) (2),Syria,67 F2,3,37.872411,37.078446,67,11517,12
185,607,Caesarodunum,Gallia Lugdunensis,14 F1,3,0.68666,47.395241,67,11517,12
653,864,Regium,Italia (III Lucania et Brutii),46 C5,3,15.645082,38.108612,67,11517,12
789,1259,Theveste,Numidia,33 B2,3,8.121558,35.403084,67,11517,12
504,1312,Messana,Silicia,47 H2,3,15.555523,38.192332,67,11531,12
329,1069,Eporedia,Italia (XI Transpadana),39 B3,3,7.87595,45.4666,68,11747,12
25,248,Alabanda,Asia,61 F2,3,27.985429,37.591796,69,11979,12
45,1239,Ammaedara,Numidia,33 B1,3,8.455266,35.565382,69,11979,12
569,66,Oeniadae,Achaea,54 D5,3,21.212962,38.398985,69,11979,12
54,664,Andematunum,Germania Superior,18 C2,3,5.33411,47.862974,70,12211,12
209,1277,Carnuntum (1),Pannonia Superior,13 B4,3,16.867891,48.113346,70,12211,12
244,696,Clunia,Hispania Tarraconensis,25 B4,2,-3.370101,41.781171,70,12211,12
759,731,Tarraco,Hispania Tarraconensis,25 G4,1,1.25763,41.117936,70,12211,12
867,577,Vetus Pictavis,Gallia Aquitania,-,-,0.512508,46.761759,70,12211,12
240,478,Cisamus,Creta et Cyrenaica,60 A2,3,23.660727,35.495307,71,12445,12
734,800,Sora,Italia (I Latium and Campania),44 E2,3,13.616791,41.717925,71,12445,12
88,747,Aquinum,Italia (I Latium and Campania),44 E3,2,13.70563,41.492204,71,12515,13
226,264,Celaenae,Asia,65 D1,2,30.15853,38.076044,72,12680,13
285,1333,Cyrrus,Syria,67 D3,3,36.956398,36.744679,72,12680,13
639,498,Potaissa,Dacia,21 F3,3,23.772393,46.570265,72,12680,13
659,499,Romula,Dacia,22 B4,2,24.39625,44.174152,72,12680,13
74,255,Apollonia (Asia) (1),Asia,65 A1,3,28.956451,38.048649,73,12916,13
443,1247,Lambaesis,Numidia,34 E2,2,6.2667,35.46081,73,12916,13
422,615,Iatinum,Gallia Lugdunensis,11 C4,4 or 5,2.888333,48.960278,74,13153,13
425,933,Iguvium,Italia (VI Umbria and Ager Gallicus),42 D2,3,12.580375,43.350411,74,13221,13
4,229,Abila,Arabia,69 C4,3,35.869098,32.680677,75,13391,13
453,136,Leontopolis,Aegyptus,74 E3,4 or 5,31.35,30.683333,75,13391,13
828,1347,Tyrus,Syria,69 B3,2,35.194564,33.271637,75,13391,13
249,660,Colonia Agrippinensis,Germania Inferior,11 G2,2,6.959912,50.940664,75,13426,13
22,559,Aginnum,Gallia Aquitania,14 F4,3,0.612095,44.201491,75,13465,13
471,833,Luceria,Italia (II Apulia et Calabria),45 B1,3,15.335944,41.509222,75,13488,13
681,1365,Samaria,Syria Palestina,69 B5,3,35.190436,32.276529,76,13694,14
110,326,Astigi,Baetica,26 E4,2,-5.079949,37.540932,77,13870,14
392,1337,Heliopolis (Syria),Syria,69 D1,2,36.204326,34.006966,77,13870,14
407,284,Hierapolis,Asia,65 B2,3,29.131799,37.917505,77,13870,14
740,94,Stratus,Achaea,54 D4,3,21.31366,38.666849,77,13870,14
160,1149,Beroea (Macedonia),Macedonia,50 B3,3,22.201493,40.522127,78,14111,14
466,858,Locri,Italia (III Lucania et Brutii),46 D5,3,16.259896,38.236415,78,14111,14
524,300,Myndus,Asia,61 E3,4 or 5,27.233275,37.052928,78,14111,14
615,1385,Philippopolis (Thracia),Thracia,22 B6,2,24.750913,42.146652,78,14111,14
726,1273,Sirmium,Pannonia Inferior,21 B5,2,19.610106,44.966447,78,14111,14
777,318,Teus,Asia,56 D5,3,26.785014,38.177262,78,14111,14
298,123,Diospolis Inferior,Aegyptus,74 F2,4 or 5,31.566667,31.266667,79,14353,14
387,43,Halus,Achaea,55 D2,3,22.821215,39.142418,79,14353,14
130,601,Augustobona,Gallia Lugdunensis,11 E4,4 or 5,4.074806,48.297473,80,14596,15
251,661,Colonia Ulpia Traiana,Germania Inferior,11 G1,3,6.444591,51.668014,80,14596,15
277,768,Cumae,Italia (I Latium and Campania),44 F4,3,14.056078,40.847118,80,14596,15
563,190,Numluli,Africa Proconsularis,32 D3,3,9.210529,36.522784,80,14596,15
792,205,Thignica,Africa Proconsularis,32 D3,3,9.361747,36.52366,80,14596,15
458,570,Limonum,Gallia Aquitania,14 F2,3,0.344832,46.580343,80,14601,15
122,1077,Augusta Emerita,Lusitania,26 D3,2,-6.338496,38.915571,81,14841,15
365,337,Gades,Baetica,26 D5,2,-6.292409,36.529942,81,14841,15
614,241,Philippopolis (Arabia),Arabia,69 E4,3,36.627525,32.853765,81,14841,15
628,88,Plataea,Achaea,55 E4,3,23.26689,38.215488,81,14841,15
558,625,Noviomagus (Gallia Lugdunensis),Gallia Lugdunensis,7 G3,4 or 5,0.22653,49.14635,81,14880,15
409,1307,Himera,Silicia,47 D3,3,13.696264,37.983949,82,15086,15
536,784,Neapolis (Italia (I Latium and Campania)),Italia (I Latium and Campania),44 F4,2,14.251636,40.840097,82,15086,15
876,409,Viroconium,Britannia,8 E2,3,-2.644025,52.674302,82,15086,15
863,679,Vesontio,Germania Superior,18 D2,3,6.022908,47.236543,82,15089,15
582,1234,Ovilava,Noricum,12 H4,3,14.024618,48.156645,83,15332,15
871,658,Vienna,Gallia Narbonensis,17 D2,2,4.878056,45.524167,83,15431,15
72,254,Aphrodisias,Asia,65 A2,3,28.723436,37.708402,84,15580,16
369,237,Gerasa,Arabia,69 C5,3,35.891296,32.281164,84,15580,16
484,294,Magnesia (Asia) (1),Asia,61 F2,3,27.524647,37.84779,84,15580,16
673,458,Salamis,Cilicia et Cyprus,72 D2,2,33.902516,35.1848,84,15580,16
709,1387,Serdica,Thracia,21 F7,2,23.342891,42.722826,84,15580,16
282,480,Cydonea,Creta et Cyrenaica,60 B1,2,24.01869,35.515775,85,15828,16
457,1309,Lilybaeum,Silicia,47 A3,3,12.434233,37.799084,85,15828,16
619,789,Picentia,Italia (I Latium and Campania),-,-,14.876851,40.644112,85,15828,16
794,155,Thmuis,Aegyptus,74 F3,3,31.516856,30.935634,85,15828,16
175,567,Burdigala,Gallia Aquitania,14 E4,2,-0.574367,44.839577,86,16187,16
331,37,Eretria,Achaea,55 F4,2,23.793099,38.393743,87,16328,16
839,217,Utica,Africa Proconsularis,32 F2,3,10.038,37.0358,88,16579,17
80,493,Apulum (2),Dacia,21 F3,2,23.572315,46.066695,89,16831,17
882,1007,Vulci,Italia (VII Etruria),42 B4,2,11.631667,42.418889,89,16831,17
24,1350,Agrippias,Syria Palestina,70 E2,3,34.47975,31.536326,90,17084,17
286,273,Cyzicus,Asia,52 B4,2,27.890667,40.38336,90,17084,17
366,1359,Gaza,Syria Palestina,70 E2,2,34.468099,31.511559,90,17084,17
391,127,Heliopolis (Aegyptus),Aegyptus,74 E4,3,31.284786,30.131757,90,17084,17
575,68,Orchomenus Arcadicus,Achaea,58 C2,3,22.31536,37.724716,90,17084,17
766,805,Teanum Sidicinum,Italia (I Latium and Campania),44 F3,4 or 5,14.049598,41.269557,90,17084,17
862,408,Verulamium,Britannia,8 G3,3,-0.357277,51.752209,90,17084,17
134,564,Augustonemetum,Gallia Aquitania,14 I3,3,3.082418,45.777168,91,17338,17
610,83,Pherae,Achaea,55 D2,3,22.753851,39.379043,91,17338,17
810,654,Tolosa,Gallia Narbonensis,25 G2,3,1.436275,43.61905,91,17338,17
264,387,Corinium Dobunnorum,Britannia,8 F3,3,-1.966753,51.713643,93,17849,18
266,27,Coronea,Achaea,55 D4,3,22.957112,38.391204,94,18106,18
68,745,Antium,Italia (I Latium and Campania),43 C4,2,12.629052,41.447947,95,18364,18
125,581,Augusta Suessionum,Gallia Belgica,11 D3,4 or 5,3.325383,49.380886,95,18364,18
290,28,Delos,Achaea,61 A3,4 or 5,25.267249,37.398611,95,18364,18
311,1153,Dyrrachium,Macedonia,49 B2,2,19.456811,41.327377,95,18364,18
32,599,Alesia,Gallia Lugdunensis,18 B2,4 or 5,4.500278,47.537222,97,18882,19
512,298,Miletus,Asia,61 E2,2,27.27621,37.531791,97,18882,19
140,566,Avaricum,Gallia Aquitania,14 H1,2,2.39449,47.07325,99,19404,19
262,336,Corduba,Baetica,26 F4,1,-4.78025,37.88376,99,19404,19
6,1323,Acce,Syria,69 B4,3,35.068668,32.921188,100,19667,20
86,1045,Aquileia,Italia (X Venetia et Histria),19 F4,2,13.367051,45.765269,100,19667,20
157,821,Beneventum,Italia (II Apulia et Calabria),44 G3,2,14.777672,41.130842,100,19667,20
498,56,Megalopolis,Achaea,58 C3,2,22.136771,37.40225,100,19667,20
535,453,Neapaphus,Cilicia et Cyprus,72 A3,2,32.406593,34.757212,100,19667,20
598,1158,Pella (Macedonia),Macedonia,50 C3,2,22.525641,40.760042,100,19667,20
516,673,Mogontiacum,Germania Superior,11 I2,2,8.277769,49.993057,101,19930,20
525,1120,Myra,Lycia et Pamphylia,65 C5,3,30.014409,36.246429,101,20014,20
445,290,Laodicea (Asia),Asia,65 B2,2,29.114376,37.84108,104,20725,21
787,103,Thespiae,Achaea,55 E4,3,23.150051,38.302836,104,20725,21
497,1072,Mediolanum (Italia (XI Transpadana)),Italia (XI Transpadana),39 E3,1,9.188141,45.463689,105,20991,21
284,481,Cyrene,Creta et Cyrenaica,38 C1,2,21.854404,32.820182,107,21527,22
135,565,Augustoritum,Gallia Aquitania,14 G3,3,1.26168,45.824069,108,21797,22
527,302,Mytilene,Asia,56 D3,3,26.555374,39.107893,109,22067,22
301,569,Divona,Gallia Aquitania,14 G4,3,1.434132,44.448514,110,22337,22
505,59,Messene,Achaea,58 B3,2,22.008029,37.051363,110,22337,22
408,484,Hierapytna,Creta et Cyrenaica,60 E2,2,25.736874,35.008189,111,22642,23
441,619,Iuliomagus,Gallia Lugdunensis,14 E1,3,-0.552047,47.47903,111,22715,23
269,270,Cos,Asia,61 E4,4 or 5,27.286884,36.889308,112,22882,23
538,1362,Neapolis (Syria Palestina),Syria Palestina,69 B5,3,35.262911,32.218685,113,23155,23
545,378,Nicaea,Bithynia et Pontus,52 F4,2,29.71967,40.427979,114,23429,23
560,787,Nuceria Alfaterna,Italia (I Latium and Campania),44 G4,3,14.673929,40.743128,114,23429,23
665,1253,Rusicada,Numidia,31 F3,3,6.904976,36.879573,114,23429,23
52,411,Ancyra,Cappadocia et Galatia,63 B1,2,32.860416,39.941901,115,23704,24
835,373,Urso,Baetica,26 E4,3,-5.103412,37.237271,116,23980,24
242,266,Clazomenae,Asia,56 D5,3,26.770558,38.361462,117,24257,24
377,482,Gortyna,Creta et Cyrenaica,60 C2,2,24.946944,35.06272,119,24812,25
586,1340,Palmyra,Syria,68 F4,2,38.267749,34.551677,120,25091,25
645,794,Puteoli,Italia (I Latium and Campania),44 F4,2,14.125078,40.825869,120,25091,25
838,216,Uthina,Africa Proconsularis,32 F3,3,10.172746,36.606899,120,25091,25
486,55,Mantinea,Achaea,58 C2,2,22.405305,37.642803,121,25371,25
685,312,Sardis,Asia,56 G5,2,28.040286,38.488315,121,25371,25
495,572,Mediolanum (Gallia Aquitania),Gallia Aquitania,14 E3,3,-0.641006,45.745105,124,26215,26
757,999,Tarquinii,Italia (VII Etruria),42 B4,4 or 5,11.758011,42.254051,124,26215,26
73,113,Aphroditopolis,Aegyptus,80 B3,3,32.473946,25.369659,125,26498,26
197,1297,Camarina,Silicia,47 E5,3,14.447679,36.872063,125,26498,26
204,233,Capitolias,Arabia,69 C4,4 or 5,35.858293,32.598602,125,26498,26
119,659,Atuatuca,Germania Inferior,11 F2,4 or 5,5.466667,50.783333,126,26781,27
584,861,Paestum,Italia (III Lucania et Brutii),45 B4,3,15.00508,40.418666,126,26781,27
42,7,Ambracia,Achaea,54 C3,3,20.987,39.158,130,27923,28
592,1059,Patavium,Italia (X Venetia et Histria),40 B2,2,11.876589,45.409568,130,27923,28
713,1254,Sicca Veneria,Numidia,32 C4,3,8.708877,36.174527,130,27923,28
223,1298,Catania,Silicia,47 G3,3,15.087834,37.502482,131,28211,28
250,587,Colonia Augusta Treverorum,Gallia Belgica,11 G3,2,6.637075,49.752611,131,28211,28
287,1334,Damascus,Syria,69 D2,2,36.306587,33.511647,131,28211,28
38,1044,Altinum,Italia (X Venetia et Histria),40 C1,3,12.400964,45.549242,133,28788,29
419,529,Iader,Dalmatia,20 C5,3,15.224674,44.115526,136,29659,30
332,277,Erythrae,Asia,56 C5,4 or 5,26.48075,38.382699,136,29702,30
161,1330,Beroea (Syria),Syria,67 E4,3,37.162747,36.201613,137,29950,30
60,112,Antinoopolis,Aegyptus,77 D1,3,30.875182,27.81166,138,30243,30
756,842,Tarentum,Italia (II Apulia et Calabria),45 F4,2,17.243272,40.47124,138,30243,30
173,118,Bubastis,Aegyptus,74 F3,4 or 5,31.507263,30.576879,140,30830,31
372,614,Gisacum,Gallia Lugdunensis,11 B3,4 or 5,1.240067,49.00458,140,30830,31
499,57,Megara,Achaea,58 E2,2,23.344591,37.994845,140,30830,31
682,311,Samos,Asia,61 D2,3,26.94006,37.691522,140,30830,31
622,87,Piraeus,Achaea,59 B3,3,23.641103,37.950902,141,31124,31
695,1366,Scythopolis,Syria Palestina,69 C4,2,35.502208,32.502297,141,31124,31
683,1343,Samosata,Syria,67 H1,2,38.508199,37.541801,142,31420,31
158,476,Berenice,Creta et Cyrenaica,38 B1,3,20.063862,32.12445,144,32012,32
884,1348,Zeugma,Syria,67 F2,3,37.865833,37.058333,149,33506,34
49,429,Anazarbus,Cilicia et Cyprus,67 B2,2,35.906017,37.260375,150,33807,34
320,126,Elephantine,Aegyptus,80 inset,3,32.933333,24.083333,150,33807,34
401,128,Heracleopolis Magna,Aegyptus,75 D2,3,30.934549,29.08554,150,33807,34
137,605,Autricum,Gallia Lugdunensis,11 B4,4 or 5,1.485618,48.445658,152,34483,34
292,30,Demetrias,Achaea,55 D2,2,22.922339,39.343875,153,34713,35
581,788,Ostia,Italia (I Latium and Campania),43 B2,2,12.288323,41.753798,154,35017,35
179,1375,Byzantium,Thracia,53 A2,1,28.968935,41.010111,155,35321,35
405,131,Hermopolis Magna,Aegyptus,77 D1,4 or 5,30.803889,27.781389,155,35321,35
182,965,Caere,Italia (VII Etruria),43 A1,2,12.093463,41.993778,156,35626,36
383,178,Hadrumetum,Africa Proconsularis,33 G1,3,10.637607,35.824984,156,35626,36
467,399,Londinium,Britannia,8 G3,2,-0.086632,51.510879,160,36851,37
788,1162,Thessalonica,Macedonia,50 C3,1,22.94554,40.637747,161,37159,37
314,1154,Edessa,Macedonia,50 B3,3,22.050693,40.802398,162,37468,37
435,1176,Iol,Mauretania Caesariensis,30 D3,2,2.188806,36.606415,162,37570,38
120,580,Augusta Ambianorum,Gallia Belgica,11 B2,4 or 5,1.463654,50.021589,165,38476,38
583,144,Oxyrhynchus,Aegyptus,75 D3,3,30.655336,28.535969,170,39961,40
475,620,Lugdunum,Gallia Lugdunensis,17 D2,1,4.820576,45.759119,170,39979,40
131,602,Augustodunum,Gallia Lugdunensis,18 B3,4 or 5,4.299444,46.951667,172,40666,41
386,280,Halicarnassus,Asia,61 E3,3,27.421615,37.040071,174,41222,41
547,65,Nicopolis (Achaea),Achaea,54 C3,3,20.733395,39.026505,174,41323,41
539,652,Nemausus,Gallia Narbonensis,15 C2,3,4.360864,43.83459,175,41539,42
714,92,Sicyon,Achaea,58 D2,2,22.726044,37.9799,175,41539,42
799,211,Thysdrus,Africa Proconsularis,33 G2,3,10.706969,35.294796,175,41539,42
755,151,Tanis,Aegyptus,74 F2,3,31.874266,30.975841,177,42174,42
786,202,Thelepte,Africa Proconsularis,33 C3,3,8.593867,34.975746,180,43132,43
529,651,Narbo Martius,Gallia Narbonensis,25 H2,2,3.004192,43.183566,180,43289,43
206,758,Capua,Italia (I Latium and Campania),44 F3,2,14.256289,41.081428,184,44417,44
15,1349,Aelia Capitolina,Syria Palestina,70 G2,1,35.235357,31.777766,186,45064,45
21,597,Agedincum,Gallia Lugdunensis,11 D4,4 or 5,3.287659,48.24754,189,46171,46
115,117,Athribis,Aegyptus,74 E4,3,31.184479,30.47243,190,46363,46
769,97,Tegea,Achaea,58 C3,2,22.417226,37.427653,190,46363,46
730,315,Smyrna,Asia,56 E5,2,27.138709,38.418717,194,47672,48
611,84,Phigalia,Achaea,58 B3,3,21.839109,37.39629,195,48000,48
95,13,Argos (Achaea) (2),Achaea,58 D2,2,22.719769,37.631278,199,49453,49
651,1022,Ravenna,Italia (VIII Aemilia),40 C4,3,12.204444,44.416667,200,49652,50
875,578,Vindobriga (Gallia Aquitania) (1),Gallia Aquitania,-,-,0.309739,46.735447,200,49652,50
490,1382,Maronea,Thracia,51 F3,4 or 5,25.519074,40.906385,202,50476,50
644,488,Ptolemais (Cyrenaica),Creta et Cyrenaica,38 B1,2,20.953058,32.707599,209,52660,53
23,1294,Agrigentum,Silicia,47 D4,3,13.576956,37.311188,211,53334,53
601,305,Pergamum,Asia,56 E3,2,27.185314,39.12984,219,56053,56
446,1338,Laodicea (Syria),Syria,68 A2,3,35.78347,35.563788,220,56395,56
114,14,Athenae,Achaea,59 B3,1,23.726559,37.971119,225,58114,58
502,139,Memphis,Aegyptus,75 E1,2,31.255061,29.849491,225,58114,58
546,379,Nicomedia,Bithynia et Pontus,52 F3,2,29.919877,40.760677,228,59152,59
265,26,Corinthia,Achaea,58 D2,1,22.879795,37.906321,241,63700,64
70,1325,Apamea (Syria) (1),Syria,68 B3,2,36.401621,35.41726,243,64408,64
47,1147,Amphipolis,Macedonia,51 B3,2,23.84013,40.821057,246,65472,65
328,276,Ephesus,Asia,61 E2,2,27.341752,37.938309,263,71587,72
35,249,Alexandria (Asia),Asia,56 C2,3,26.154749,39.756473,287,80446,80
102,116,Arsinoe,Aegyptus,75 D2,4 or 5,30.75,29.250001,288,80821,81
752,1320,Syracusae,Silicia,47 G4,2,15.28444,37.066484,296,83834,84
735,93,Sparta,Achaea,58 C3,2,22.432584,37.074301,304,86875,87
215,172,Carthago,Africa Proconsularis,32 F3,1,10.327685,36.851318,343,102170,102
65,1324,Antiochia (Syria),Syria,67 C4,1,36.169629,36.210172,383,118288,118
657,309,Rhodus,Asia,60 G3,3,28.227007,36.443235,412,130405,130
454,180,Lepcis Magna,Africa Proconsularis,35 G2,1,14.29306,32.63833,466,153761,154
34,110,Alexandria (Aegyptus),Aegyptus,74 B2,1,29.903728,31.195024,972,410535,411
658,992,Roma,Italia (VII Etruria),43 B2,1,12.485098,41.892777,1783,923406,923
